card6,count,mean
debit,439938,0.024262509717278342
credit,148986,0.06678479857167788
debit or credit,30,0.0
charge card,15,0.0
