card4,count,mean
visa,384767,0.03475609914571676
mastercard,189217,0.03433095334985757
american express,8328,0.028698366954851104
discover,6651,0.0772816117877011
